name,score
bushra,0.8640808884468755
baseline,0.85
shnav3105,0.8451848168407095
